LHS_Feed_Flow,HYSYS_Reflux_Ratio,HYSYS_Draw_Rate,HYSYS_Total_Stages,LHS_D_F_Ratio,Propane_Purity_Top,Butane_Purity_Bottom,Reboiler_Duty,Condenser_Duty,Top_Temperature,Bottom_Temperature,Status
100.0,2.0,90.0,40.0,0.9,0.9999982814504449,0.9999845793245102,3914339.602963814,3567689.8248272496,43.85380867943951,99.59736659623746,Success
69.24520879028881,0.5674148287469973,1278.6127423470507,91.46052639418812,4.118744302028165,0.9300081258827877,69.0,39.0,1278.6127423470507,1278.6127423470507,1258.6127423470507,4.118744302028165,85.05903274411213,,,,,,,NonConverged
71.24777205960193,0.5496185809262973,2100.778174258406,71.3099228124209,2.7017226930102325,0.9226910783370504,71.0,39.0,2100.778174258406,2100.778174258406,2080.778174258406,2.7017226930102325,65.79702957592447,,,,,,,NonConverged
33.271226975983865,0.48956965118230555,2155.745205138415,111.75455225564305,1.619272202839789,0.857312060914632,33.0,16.0,2155.745205138415,2155.745205138415,2135.745205138415,1.619272202839789,95.80852551087727,,,,,,,NonConverged
78.43447376560147,0.48182444746783726,1734.0482864596302,85.12909480637403,2.4937240263414013,0.9120356262928926,78.0,38.0,1734.0482864596302,1734.0482864596302,1714.0482864596302,2.4937240263414013,77.64076729747836,,,,,,,NonConverged
43.844323300585245,0.6464071483895306,2376.6442089838492,124.79123924684255,3.997942806772433,0.8904389836822525,44.0,28.0,2376.6442089838492,2376.6442089838492,2356.6442089838492,3.997942806772433,111.1189842474073,,,,,,,NonConverged
43.05104756881843,0.5453766536900877,1601.5880901147348,105.32590805879303,4.460405922516323,0.8829368428803052,43.0,23.0,1601.5880901147348,1601.5880901147348,1581.5880901147348,4.460405922516323,92.99612473493201,,,,,,,NonConverged
31.774015698932907,0.4566990600983654,1753.6833928207795,75.2660372010635,1.9808379744150355,0.917722440601314,32.0,15.0,1753.6833928207795,1753.6833928207795,1733.6833928207795,1.9808379744150355,69.07333135454928,,,,,,,NonConverged
42.85994697959955,0.6862501778114906,1612.3935408606208,107.43904712850065,4.181500288279597,0.8869038906320232,43.0,30.0,1612.3935408606208,1612.3935408606208,1592.3935408606208,4.181500288279597,95.28810890406453,,,,,,,NonConverged
79.463500899205,0.39448033002185423,1437.4670644559412,72.7985275460498,1.749507674966638,0.9357783830478026,79.0,31.0,1437.4670644559412,1437.4670644559412,1417.4670644559412,1.749507674966638,68.12328839530339,,,,,,,NonConverged
65.85896692427474,0.533625694625304,1999.6780316393338,97.48625176080942,4.4914693733582975,0.853628489975488,66.0,35.0,1999.6780316393338,1999.6780316393338,1979.6780316393338,4.4914693733582975,83.21704188395,,,,,,,NonConverged
36.66631940764191,0.5420385383918092,1340.5506435385814,125.4470002285168,4.884870422399992,0.8974821401997807,37.0,20.0,1340.5506435385814,1340.5506435385814,1320.5506435385814,4.884870422399992,112.58644224673164,,,,,,,NonConverged
31.288158567850918,0.5035947332025832,1698.199789383539,98.31265652215353,2.4638055376957397,0.9021971571187585,31.0,16.0,1698.199789383539,1698.199789383539,1678.199789383539,2.4638055376957397,88.69739922307988,,,,,,,NonConverged
51.22931938534637,0.6556880806855129,1940.747354786014,101.3437232215956,2.916085416563111,0.8937793611617577,51.0,33.0,1940.747354786014,1940.747354786014,1920.747354786014,2.916085416563111,90.5789281987517,,,,,,,NonConverged
78.28859356953174,0.49762146905452476,1552.454641325248,122.11872262771197,4.655813061537787,0.9196110090266973,78.0,39.0,1552.454641325248,1552.454641325248,1532.454641325248,4.655813061537787,112.30172173672159,,,,,,,NonConverged
68.59545758537323,0.6518799361856324,1582.536442814082,98.10762455394972,4.411183042946218,0.9211663184082989,69.0,45.0,1582.536442814082,1582.536442814082,1562.536442814082,4.411183042946218,90.37343931814549,,,,,,,NonConverged
31.169537579457366,0.32173823949989633,2064.733322805846,105.92379575478071,4.529313172144695,0.9464565724689603,31.0,10.0,2064.733322805846,2064.733322805846,2044.733322805846,4.529313172144695,100.25227267297196,,,,,,,NonConverged
59.727637477889324,0.3478831334409119,2334.821974424144,102.6076204670901,2.614552257457232,0.9324334309553963,60.0,21.0,2334.821974424144,2334.821974424144,2314.821974424144,2.614552257457232,95.67477559429797,,,,,,,NonConverged
30.546826007708095,0.586707764830203,2219.292079416148,78.8566219621682,3.4073418466380825,0.8799092528127183,31.0,18.0,2219.292079416148,2219.292079416148,2199.292079416148,3.4073418466380825,69.38667131006642,,,,,,,NonConverged
42.1807218075693,0.4507965301379415,1817.6916360773876,72.95952732704096,1.7825872450113245,0.905140260143686,42.0,19.0,1817.6916360773876,1817.6916360773876,1797.6916360773876,1.7825872450113245,66.03860554475823,,,,,,,NonConverged
70.16464544341216,0.5388578476212101,1881.3797487040474,109.8561074088098,3.3142387594696654,0.8961242303864325,70.0,38.0,1881.3797487040474,1881.3797487040474,1861.3797487040474,3.3142387594696654,98.44471970496896,,,,,,,NonConverged
21.483180406217453,0.6471335378645935,2382.6340746083943,125.31683851956586,3.3861118110151747,0.8551686697269185,21.0,14.0,2382.6340746083943,2382.6340746083943,2362.6340746083943,3.3861118110151747,107.1670340911602,,,,,,,NonConverged
22.134027757533442,0.5984739677481785,1801.8852538065357,94.08247108556446,2.9043920937528416,0.8716916266272077,22.0,13.0,1801.8852538065357,1801.8852538065357,1781.8852538065357,2.9043920937528416,82.01090225768291,,,,,,,NonConverged
55.283787772059924,0.3915375069272869,2142.106032870247,76.19543922579406,2.307219210490114,0.8528392321876856,55.0,22.0,2142.106032870247,2142.106032870247,2122.106032870247,2.307219210490114,64.98245988552968,,,,,,,NonConverged
52.64345295454994,0.5972230266667701,1366.8911472330346,94.3018586011291,4.440828980600333,0.8851427573158746,53.0,32.0,1366.8911472330346,1366.8911472330346,1346.8911472330346,4.440828980600333,83.47060714221513,,,,,,,NonConverged
29.10530211978861,0.6903106991158774,1445.5632010115155,83.69586551950569,3.7008145138625994,0.9419927959733732,29.0,20.0,1445.5632010115155,1445.5632010115155,1425.5632010115155,3.7008145138625994,78.8409023721306,,,,,,,NonConverged
29.43474161516113,0.5601384523042137,1381.3922539476728,127.88919277129219,2.331885656784861,0.9454425866356534,29.0,16.0,1381.3922539476728,1381.3922539476728,1361.3922539476728,2.331885656784861,120.9118892164362,,,,,,,NonConverged
21.143753243232197,0.5191207698204108,1309.5163566714234,70.04627050161646,1.2518967873872549,0.8956946627182875,21.0,11.0,1309.5163566714234,1309.5163566714234,1289.5163566714234,1.2518967873872549,62.74007063161928,,,,,,,NonConverged
55.95395720182103,0.3012834499250984,2467.26230596597,74.12581554322752,3.6289361367582345,0.9127305828426452,56.0,17.0,2467.26230596597,2467.26230596597,2447.26230596597,3.6289361367582345,67.65689882445646,,,,,,,NonConverged
34.13657222143546,0.46406280080657364,1965.739356034726,129.29698857415366,1.1699204654590987,0.894354652143317,34.0,16.0,1965.739356034726,1965.739356034726,1945.739356034726,1.1699204654590987,115.63736323941563,,,,,,,NonConverged
62.367078436483595,0.46127345250747687,1254.4479127399868,80.80152488718883,4.014777636449935,0.899417130660181,62.0,29.0,1254.4479127399868,1254.4479127399868,1234.4479127399868,4.014777636449935,72.67427566700259,,,,,,,NonConverged
62.4218415018243,0.5201420711470695,1232.4182804383254,88.13681418963384,1.5097065009051867,0.850112779578944,62.0,32.0,1232.4182804383254,1232.4182804383254,1212.4182804383254,1.5097065009051867,74.92623209398253,,,,,,,NonConverged
37.92526845422526,0.6425407111092513,1790.430578350821,114.34750789681542,4.894175824659549,0.9362530098083314,38.0,24.0,1790.430578350821,1790.430578350821,1770.430578350821,4.894175824659549,107.05819843247536,,,,,,,NonConverged
43.575448413517705,0.5615585164371668,1762.6691012946271,107.16414633836845,3.125341562779722,0.9163751459863875,44.0,25.0,1762.6691012946271,1762.6691012946271,1742.6691012946271,3.125341562779722,98.20256024532898,,,,,,,NonConverged
50.160713066857085,0.3329195684361332,2084.9645790342884,93.0056347147878,3.046656784183969,0.9029520341658163,50.0,17.0,2084.9645790342884,2084.9645790342884,2064.9645790342884,3.046656784183969,83.9796270546005,,,,,,,NonConverged
54.397212742458365,0.5690271252933348,2425.762103722925,110.06446826527744,2.4250422332716197,0.8894978900227931,54.0,31.0,2425.762103722925,2425.762103722925,2405.762103722925,2.4250422332716197,97.90211228844495,,,,,,,NonConverged
59.46114751287142,0.5858918445210388,2208.80097217614,75.43917509476354,3.5637945716051225,0.9104203386653614,59.0,35.0,2208.80097217614,2208.80097217614,2188.80097217614,3.5637945716051225,68.68135933841012,,,,,,,NonConverged
35.37378844968854,0.6665016615951328,2261.980562278972,123.52048436123502,1.6759873507762542,0.9375038053182161,35.0,23.0,2261.980562278972,2261.980562278972,2241.980562278972,1.6759873507762542,115.80092412340703,,,,,,,NonConverged
41.46742715744728,0.42939250232393733,1627.7587330168444,126.0150383141376,1.7996685401148498,0.8964816006525577,41.0,18.0,1627.7587330168444,1627.7587330168444,1607.7587330168444,1.7996685401148498,112.97016325415146,,,,,,,NonConverged
65.47320497766378,0.6798588034616656,1420.3918617460563,94.51617713613675,1.8671169078380907,0.8764679858155885,65.0,44.0,1420.3918617460563,1420.3918617460563,1400.3918617460563,1.8671169078380907,82.84040340149915,,,,,,,NonConverged
60.013395355679954,0.5255941854458493,1843.6413463932604,102.04304731014957,2.2264288428803067,0.8659636186677447,60.0,32.0,1843.6413463932604,1843.6413463932604,1823.6413463932604,2.2264288428803067,88.365566508581,,,,,,,NonConverged
52.43411427702345,0.5909375772155665,1896.658556784812,118.6938460818802,3.8585864557239997,0.8563774203487413,52.0,31.0,1896.658556784812,1896.658556784812,1876.658556784812,3.8585864557239997,101.64672971887111,,,,,,,NonConverged
33.67937856853226,0.6754499045743018,1961.0452024785689,87.1148235827253,1.9646409196589336,0.9257108364560825,34.0,23.0,1961.0452024785689,1961.0452024785689,1941.0452024785689,1.9646409196589336,80.64313620648869,,,,,,,NonConverged
33.909220623584744,0.5010028805827315,1861.9744630936773,121.45079714395132,4.362445749821015,0.9172982406400486,34.0,17.0,1861.9744630936773,1861.9744630936773,1841.9744630936773,4.362445749821015,111.40660254447799,,,,,,,NonConverged
79.78668822860897,0.41520742178165804,1888.3665826084982,99.03506716190873,3.7825288710143457,0.8909520426890096,80.0,33.0,1888.3665826084982,1888.3665826084982,1868.3665826084982,3.7825288710143457,88.23549538574584,,,,,,,NonConverged
73.41580590550251,0.5144459577030196,2312.4328796432023,120.16927732096158,3.558460132484462,0.9486596173278878,73.0,38.0,2312.4328796432023,2312.4328796432023,2292.4328796432023,3.558460132484462,113.99974063787225,,,,,,,NonConverged
75.18892091816716,0.5291004780387522,2287.435344958615,107.28177123677781,4.497590472976006,0.8562021231810559,75.0,40.0,2287.435344958615,2287.435344958615,2267.435344958615,4.497590472976006,91.8548803115535,,,,,,,NonConverged
36.13640178060959,0.40199396501730367,1222.2083119169833,126.82977367463556,1.3727536658398294,0.9116061671968011,36.0,14.0,1222.2083119169833,1222.2083119169833,1202.2083119169833,1.3727536658398294,115.61880386597227,,,,,,,NonConverged
70.75265102577912,0.445000816565557,2480.1913251757815,71.51674751485936,3.492676611734299,0.9355421286205134,71.0,32.0,2480.1913251757815,2480.1913251757815,2460.1913251757815,3.492676611734299,66.90693020206734,,,,,,,NonConverged
66.69524941025648,0.49453110412946166,1933.055012933583,110.98960762670697,1.9210021084130924,0.8726336289528067,67.0,33.0,1933.055012933583,1933.055012933583,1913.055012933583,1.9210021084130924,96.85326407934141,,,,,,,NonConverged
38.23128500968045,0.44946312914142983,1451.4218603841248,92.03959482394528,4.909606966123048,0.8594525055746681,38.0,17.0,1451.4218603841248,1451.4218603841248,1431.4218603841248,4.909606966123048,79.10366038351702,,,,,,,NonConverged
60.84420072908437,0.5798205970554491,1821.6770385108935,118.49715542596192,4.6152323714116985,0.8818457335448021,61.0,35.0,1821.6770385108935,1821.6770385108935,1801.6770385108935,4.6152323714116985,104.49621094957982,,,,,,,NonConverged
66.32298210077992,0.44314724897168384,1528.1786589574963,129.17204631780922,4.84696163634635,0.9215277035438016,66.0,29.0,1528.1786589574963,1528.1786589574963,1508.1786589574963,4.84696163634635,119.03561920530431,,,,,,,NonConverged
40.55348601189422,0.3635099842531798,2069.4122993840865,70.73450088711749,3.1682738122703076,0.9474380855515147,41.0,15.0,2069.4122993840865,2069.4122993840865,2049.4122993840865,3.1682738122703076,67.01656010293252,,,,,,,NonConverged
78.94062470508575,0.6054015227643795,2392.0291585820014,108.10381791433998,4.355621850599938,0.8614881884033899,79.0,48.0,2392.0291585820014,2392.0291585820014,2372.0291585820014,4.355621850599938,93.13016225451469,,,,,,,NonConverged
52.23028790224528,0.6951298835459199,1426.1809687455627,77.49345554478685,4.244894431609765,0.9265706147952725,52.0,36.0,1426.1809687455627,1426.1809687455627,1406.1809687455627,4.244894431609765,71.80315874674328,,,,,,,NonConverged
34.45302136753794,0.4397301272091657,1747.3225414417866,127.02785618633482,3.9315719621693126,0.8664618734198193,34.0,15.0,1747.3225414417866,1747.3225414417866,1727.3225414417866,3.9315719621693126,110.06479424771504,,,,,,,NonConverged
56.18098085035401,0.5816990458289715,1832.300529385098,105.01281203545987,1.011501227599496,0.8886803732513636,56.0,33.0,1832.300529385098,1832.300529385098,1812.300529385098,1.011501227599496,93.32282499584777,,,,,,,NonConverged
74.83982316478298,0.6218750906607116,2019.9419622132718,118.24097703220338,3.5207196391624356,0.9009155388820536,75.0,47.0,2019.9419622132718,2019.9419622132718,1999.9419622132718,3.5207196391624356,106.52513354090802,,,,,,,NonConverged
36.28198482092834,0.6892066010699142,2427.9966152998954,118.96574173918144,1.5258006585137007,0.915475856495322,36.0,25.0,2427.9966152998954,2427.9966152998954,2407.9966152998954,1.5258006585137007,108.91026431227841,,,,,,,NonConverged
36.50680296940375,0.6686364909659825,2449.022998643305,98.44015105669759,1.593437957125661,0.8784668021861591,37.0,25.0,2449.022998643305,2449.022998643305,2429.022998643305,1.593437957125661,86.47640470549959,,,,,,,NonConverged
76.61375275286198,0.5091736885486651,1485.4925512144328,111.98245819761785,1.991228489532793,0.9081937972330698,77.0,39.0,1485.4925512144328,1485.4925512144328,1465.4925512144328,1.991228489532793,101.70177393398805,,,,,,,NonConverged
55.645135716771634,0.4271050247822552,2216.887569713911,76.8203266905277,2.5364995713723912,0.9425764883530299,56.0,24.0,2216.887569713911,2216.887569713911,2196.887569713911,2.5364995713723912,72.40903376609013,,,,,,,NonConverged
33.12716159644559,0.49558074669306096,2035.6503495226252,117.37044332549156,1.7608516338216567,0.8925206986542671,33.0,16.0,2035.6503495226252,2035.6503495226252,2015.6503495226252,1.7608516338216567,104.7555500782288,,,,,,,NonConverged
75.32333603544451,0.3310270857217635,1414.2703633839042,106.61277200263231,4.162929313414541,0.8891735434786251,75.0,25.0,1414.2703633839042,1414.2703633839042,1394.2703633839042,4.162929313414541,94.79725626165933,,,,,,,NonConverged
64.52472810530384,0.3253511579401009,1539.2230389773176,86.80976106799923,2.0784202856371063,0.8857164887736031,65.0,21.0,1539.2230389773176,1539.2230389773176,1519.2230389773176,2.0784202856371063,76.88883676442371,,,,,,,NonConverged
49.87258522320176,0.5478374377622198,2116.1175486668,79.26278072697892,4.439835964188152,0.8768485606793861,50.0,27.0,2116.1175486668,2116.1175486668,2096.1175486668,4.439835964188152,69.50145519589725,,,,,,,NonConverged
45.234920097760735,0.6316061879662078,2277.012958312206,79.71153717458643,3.6226409681141,0.9290271860348281,45.0,28.0,2277.012958312206,2277.012958312206,2257.012958312206,3.6226409681141,74.05418507581662,,,,,,,NonConverged
40.243741192913696,0.4811858821186718,1503.3461831493705,108.82415999513844,4.969547887495146,0.9090543678067796,40.0,19.0,1503.3461831493705,1503.3461831493705,1483.3461831493705,4.969547887495146,98.92707796648442,,,,,,,NonConverged
61.778716093625725,0.35866786035936765,1712.782032810205,126.66997499688824,2.9854607903068784,0.9040343222003677,62.0,22.0,1712.782032810205,1712.782032810205,1692.782032810205,2.9854607903068784,114.51400498944939,,,,,,,NonConverged
49.79420009935911,0.44101222925594513,1385.713571874278,78.24464641186155,4.424023943637161,0.913029787257623,50.0,22.0,1385.713571874278,1385.713571874278,1365.713571874278,4.424023943637161,71.43969286746989,,,,,,,NonConverged
67.2687461921345,0.513285116386007,2283.309804052109,119.38966841659712,4.0852543309646965,0.9217328393963802,67.0,34.0,2283.309804052109,2283.309804052109,2263.309804052109,4.0852543309646965,110.04537806422239,,,,,,,NonConverged
37.352289435874525,0.6242007882094358,1351.4186615926692,108.43980722927166,2.2809627275977027,0.8810759638669652,37.0,23.0,1351.4186615926692,1351.4186615926692,1331.4186615926692,2.2809627275977027,95.54370767607843,,,,,,,NonConverged
23.46037584320427,0.5015493597084595,1303.826011035296,97.35964357785619,4.7850010176092574,0.8834984896699356,23.0,12.0,1303.826011035296,1303.826011035296,1283.826011035296,4.7850010176092574,86.01709805583918,,,,,,,NonConverged
69.05096237433423,0.41782665087389814,1837.6450985676984,84.36895740151178,4.296871718774198,0.9496023195030436,69.0,29.0,1837.6450985676984,1837.6450985676984,1817.6450985676984,4.296871718774198,80.11695764252907,,,,,,,NonConverged
55.54584824973644,0.6670534604036249,1642.085779265439,89.67769127880459,3.9459399958001162,0.8517945636766908,56.0,37.0,1642.085779265439,1642.085779265439,1622.085779265439,3.9459399958001162,76.38696991436234,,,,,,,NonConverged
73.79152988968397,0.6628211390515109,1543.5918274312307,110.36537443071549,3.878777053255677,0.9069388222570398,74.0,49.0,1543.5918274312307,1543.5918274312307,1523.5918274312307,3.878777053255677,100.09464270415032,,,,,,,NonConverged
43.20399456408916,0.5527219191433888,1447.935649223854,87.27271833157845,2.9523678246672183,0.9386182899151116,43.0,24.0,1447.935649223854,1447.935649223854,1427.935649223854,2.9523678246672183,81.91576963662938,,,,,,,NonConverged
63.61079510928838,0.5755982098233137,2306.828592064834,115.06004481108218,2.2446768912633956,0.8696864685301015,64.0,37.0,2306.828592064834,2306.828592064834,2286.828592064834,2.2446768912633956,100.06616404066529,,,,,,,NonConverged
62.170312202015985,0.4326555296820707,1397.5825176401233,120.70516625410347,2.4117437663173633,0.8932886351300424,62.0,27.0,1397.5825176401233,1397.5825176401233,1377.5825176401233,2.4117437663173633,107.82455321627295,,,,,,,NonConverged
27.14438489084375,0.4009270605283189,1557.8124194073807,80.27780249059268,2.65820494510109,0.8661960630344715,27.0,11.0,1557.8124194073807,1557.8124194073807,1537.8124194073807,2.65820494510109,69.53631646641027,,,,,,,NonConverged
65.11824337811427,0.5117098286310706,1743.450672923561,100.53659181773655,1.0795192022096352,0.851527199985281,65.0,33.0,1743.450672923561,1743.450672923561,1723.450672923561,1.0795192022096352,85.60964252662032,,,,,,,NonConverged
57.10517346498196,0.43703254284239434,1773.8526822898043,101.68684561991361,2.577306637585195,0.8651173505059329,57.0,25.0,1773.8526822898043,1773.8526822898043,1753.8526822898043,2.577306637585195,87.97105446400549,,,,,,,NonConverged
22.469513388695795,0.6822450477975679,1534.5877937047276,88.89017112328006,1.3275810907309347,0.8947913291730196,22.0,15.0,1534.5877937047276,1534.5877937047276,1514.5877937047276,1.3275810907309347,79.53815436981692,,,,,,,NonConverged
30.92786853310995,0.5326496810071909,1469.8076086832436,86.22271942265526,2.934385904036064,0.9241654556916056,31.0,17.0,1469.8076086832436,1469.8076086832436,1449.8076086832436,2.934385904036064,79.68405878620764,,,,,,,NonConverged
60.495944977051884,0.5042668394523149,2342.637380335775,122.63252352753099,1.433411444713101,0.8632947144252215,60.0,30.0,2342.637380335775,2342.637380335775,2322.637380335775,1.433411444713101,105.86800937794413,,,,,,,NonConverged
26.58558817058541,0.384210675718614,1767.4258723600701,88.74387771277327,3.1022115994599795,0.8876090018516027,27.0,10.0,1767.4258723600701,1767.4258723600701,1747.4258723600701,3.1022115994599795,78.76986471707538,,,,,,,NonConverged
62.737221326039595,0.5363430765776999,1464.2697076779064,104.23456531509586,2.735246026352339,0.9198759128089361,63.0,34.0,1464.2697076779064,1464.2697076779064,1444.2697076779064,2.735246026352339,95.88286591546648,,,,,,,NonConverged
22.769277420187873,0.3498655461227399,1693.4814189245853,108.72701612778435,2.6272209442546535,0.8566681785091388,23.0,8.0,1693.4814189245853,1693.4814189245853,1673.4814189245853,2.6272209442546535,93.14297486092278,,,,,,,NonConverged
64.64557902172908,0.6169187179867723,2189.3534514536136,112.6589187269032,2.6481621107311515,0.9471197037884712,65.0,40.0,2189.3534514536136,2189.3534514536136,2169.3534514536136,2.6481621107311515,106.70148173375401,,,,,,,NonConverged
67.99785447100487,0.375721256455197,1769.7246173538088,125.76724973914833,3.611121241761646,0.8680545652364833,68.0,26.0,1769.7246173538088,1769.7246173538088,1749.7246173538088,3.611121241761646,109.17283529330462,,,,,,,NonConverged
48.40217339946328,0.48725870742929533,1924.3640311661793,72.20193566713475,2.971445388152416,0.8921839181289152,48.0,23.0,1924.3640311661793,1924.3640311661793,1904.3640311661793,2.971445388152416,64.41740585999615,,,,,,,NonConverged
30.121485456831614,0.6052266009551384,1898.7269025845562,128.51324419453547,3.7270756408774615,0.9452831090087289,30.0,18.0,1898.7269025845562,1898.7269025845562,1878.7269025845562,3.7270756408774615,121.48139902100847,,,,,,,NonConverged
49.56381466955382,0.6107905285037917,1238.8065206144447,99.95342954301125,2.1561058755958062,0.8678366008191994,50.0,31.0,1238.8065206144447,1238.8065206144447,1218.8065206144447,2.1561058755958062,86.74324453482824,,,,,,,NonConverged
66.48271096539705,0.5100089466988658,1424.9688335502535,101.95126650918886,2.3887521548698327,0.8621208037665071,66.0,34.0,1424.9688335502535,1424.9688335502535,1404.9688335502535,2.3887521548698327,87.89430782791527,,,,,,,NonConverged
56.67017018997315,0.5657730623261982,1586.6940869174955,99.78837830365572,4.381778554867565,0.933486824188246,57.0,32.0,1586.6940869174955,1586.6940869174955,1566.6940869174955,4.381778554867565,93.15113635357486,,,,,,,NonConverged
70.33230870334054,0.41887402816895036,1509.9088524627884,91.04627448210812,1.4819731264415845,0.9158317361723655,70.0,29.0,1509.9088524627884,1509.9088524627884,1489.9088524627884,1.4819731264415845,83.38306763097481,,,,,,,NonConverged
32.21808955122573,0.42588383474595065,1317.6488113717205,96.33188184088169,3.980015773886247,0.9168228629863318,32.0,14.0,1317.6488113717205,1317.6488113717205,1297.6488113717205,3.980015773886247,88.31927170621817,,,,,,,NonConverged
45.17900405682079,0.45546859665773126,2292.358203418943,76.47383355192706,4.597633245567507,0.8555537147881301,45.0,20.0,2292.358203418943,2292.358203418943,2272.358203418943,4.597633245567507,65.42747237944035,,,,,,,NonConverged
51.76167939806746,0.5546335691576019,2118.9810046798157,111.31035853434862,2.115899532367723,0.8684671742694807,52.0,29.0,2118.9810046798157,2118.9810046798157,2098.9810046798157,2.115899532367723,96.66939254324852,,,,,,,NonConverged
77.7985371087414,0.5222959705245322,1968.2868549819714,96.87324604538614,1.6402425873660995,0.876126547430114,78.0,41.0,1968.2868549819714,1968.2868549819714,1948.2868549819714,1.6402425873660995,84.8732225960921,,,,,,,NonConverged
27.704498825274452,0.4309847565824213,1620.7522458881558,103.85586081065632,4.120490517019341,0.8787393316097539,28.0,12.0,1620.7522458881558,1620.7522458881558,1600.7522458881558,4.120490517019341,91.26222971251177,,,,,,,NonConverged
41.22663971234762,0.3665145279050885,2072.159541487027,100.91198226009453,2.2992919493011827,0.8864486325301725,41.0,15.0,2072.159541487027,2072.159541487027,2052.159541487027,2.2992919493011827,89.45328868036982,,,,,,,NonConverged
51.80603697665888,0.6440205625580911,1727.4176776028858,95.85324930051242,1.6833335528275297,0.9435511690462289,52.0,33.0,1727.4176776028858,1727.4176776028858,1707.4176776028858,1.6833335528275297,90.44244543437812,,,,,,,NonConverged
39.17522604502716,0.42261207071961904,1824.9648464473735,105.70206005163662,4.026859464406734,0.9458450088479354,39.0,16.0,1824.9648464473735,1824.9648464473735,1804.9648464473735,4.026859464406734,99.97776592478525,,,,,,,NonConverged
26.80441660418523,0.5167845653304078,1577.89404401424,121.38303614553763,3.2459271771981633,0.8693993134043381,27.0,14.0,1577.89404401424,1577.89404401424,1557.89404401424,3.2459271771981633,105.53032828386436,,,,,,,NonConverged
39.61505966655602,0.3362365558791767,1836.8397935154617,101.12545953173864,2.2393506870358153,0.8586302392362951,40.0,13.0,1836.8397935154617,1836.8397935154617,1816.8397935154617,2.2393506870358153,86.82937751061704,,,,,,,NonConverged
47.8649388742665,0.5723823224049177,1946.3138770414098,116.62690869038886,1.8434742470869798,0.8530663761359645,48.0,27.0,1946.3138770414098,1946.3138770414098,1926.3138770414098,1.8434742470869798,99.49049435645004,,,,,,,NonConverged
46.99020725803534,0.3610206197994116,2059.6384429820405,71.02837493907504,4.319939998334138,0.8771617902192945,47.0,17.0,2059.6384429820405,2059.6384429820405,2039.6384429820405,4.319939998334138,62.30337651792633,,,,,,,NonConverged
76.46454252012713,0.3239605236144952,2350.9274592506017,89.82087302372327,1.3777118292152553,0.9442541138788798,76.0,25.0,2350.9274592506017,2350.9274592506017,2330.9274592506017,1.3777118292152553,84.81372886484318,,,,,,,NonConverged
43.62944377407362,0.5382026247687872,1438.9688397583757,94.74021126977622,4.6454623966548905,0.9262010199774173,44.0,24.0,1438.9688397583757,1438.9688397583757,1418.9688397583757,4.6454623966548905,87.74848031094275,,,,,,,NonConverged
67.74503498984899,0.3188179232504375,1662.8537607115954,125.98303768175285,3.9687743074860578,0.8637607869507862,68.0,22.0,1662.8537607115954,1662.8537607115954,1642.8537607115954,3.9687743074860578,108.8192077704414,,,,,,,NonConverged
46.43851367880474,0.6706683421732442,1731.7157644196182,84.91841160977374,2.0115090496262713,0.872808376023459,46.0,31.0,1731.7157644196182,1731.7157644196182,1711.7157644196182,2.0115090496262713,74.11750093161827,,,,,,,NonConverged
69.40048399254742,0.6537321586531724,2345.754077691542,85.32152618141563,2.921129349862859,0.8735010278012899,69.0,45.0,2345.754077691542,2345.754077691542,2325.754077691542,2.921129349862859,74.52844081304123,,,,,,,NonConverged
68.77312661733738,0.6875128287157344,1880.0422777683264,128.75960419246223,4.2664310829200005,0.8655155733611666,69.0,47.0,1880.0422777683264,1880.0422777683264,1860.0422777683264,4.2664310829200005,111.44344264839582,,,,,,,NonConverged
29.87309194700964,0.5702089433834947,1263.1783456568105,102.20815814543107,4.069973825045668,0.9078197144543516,30.0,17.0,1263.1783456568105,1263.1783456568105,1243.1783456568105,4.069973825045668,92.78658094249045,,,,,,,NonConverged
27.943091824977635,0.652137337601636,1610.6479124935172,87.73493145389666,4.801212469141028,0.8738234859815717,28.0,18.0,1610.6479124935172,1610.6479124935172,1590.6479124935172,4.801212469141028,76.66484364539822,,,,,,,NonConverged
44.8515364101164,0.4352123402744483,1994.5017634276255,87.54012334169704,4.730115039178312,0.9192258358842771,45.0,20.0,1994.5017634276255,1994.5017634276255,1974.5017634276255,4.730115039178312,80.46914305218418,,,,,,,NonConverged
64.16891168718331,0.6601675808462789,1952.7725966225828,107.68770212111713,1.6027736743314485,0.8587387252968748,64.0,42.0,1952.7725966225828,1952.7725966225828,1932.7725966225828,1.6027736743314485,92.47560004963768,,,,,,,NonConverged
25.712322748283164,0.6300316569218843,1616.022959087948,78.4650805046042,3.8158048207584283,0.8953658153435935,26.0,16.0,1616.022959087948,1616.022959087948,1596.022959087948,3.8158048207584283,70.25495078200565,,,,,,,NonConverged
37.44248203275413,0.3730864275400619,1912.5639268204704,89.37962116853708,2.17796103831248,0.9033482168572707,37.0,14.0,1912.5639268204704,1912.5639268204704,1892.5639268204704,2.17796103831248,80.74092140597635,,,,,,,NonConverged
74.29745358713998,0.4287560366761763,2114.178014743855,129.40804509553416,1.4252932975449313,0.854652973635565,74.0,32.0,2114.178014743855,2114.178014743855,2094.178014743855,1.4252932975449313,110.59897055326357,,,,,,,NonConverged
65.75078667769901,0.5892459594214421,2233.6944893495493,81.69678243974857,3.6624990673462854,0.891983013172475,66.0,39.0,2233.6944893495493,2233.6944893495493,2213.6944893495493,3.6624990673462854,72.87214216710308,,,,,,,NonConverged
24.577679926350154,0.5581539941626801,1689.404376713085,104.460362054878,2.103906392779669,0.8855659761437388,25.0,14.0,1689.404376713085,1689.404376713085,1669.404376713085,2.103906392779669,92.50654249145641,,,,,,,NonConverged
67.12117484456438,0.6914445204892411,1394.9928036000758,127.37758592580026,4.468496472483455,0.9306662556458294,67.0,46.0,1394.9928036000758,1394.9928036000758,1374.9928036000758,4.468496472483455,118.54602094676943,,,,,,,NonConverged
54.098366528837424,0.670013997324657,2147.556591968954,124.91373459597071,2.8695922514996455,0.8633862654312616,54.0,36.0,2147.556591968954,2147.556591968954,2127.556591968954,2.8695922514996455,107.84880281388693,,,,,,,NonConverged
67.54793029131694,0.6769033460787096,2243.2825743035437,80.50402731988979,4.817556555231215,0.9189239157081788,68.0,46.0,2243.2825743035437,2243.2825743035437,2223.2825743035437,4.817556555231215,73.97707601507132,,,,,,,NonConverged
34.33385285158903,0.40542615384321445,2387.122866410663,112.30784607895208,1.3505125594453764,0.8986165153294808,34.0,14.0,2387.122866410663,2387.122866410663,2367.122866410663,1.3505125594453764,100.92168528762761,,,,,,,NonConverged
53.990525195998906,0.3384823928378153,2184.018432828034,129.99814804363578,2.0641557070025156,0.8873229054956995,54.0,18.0,2184.018432828034,2184.018432828034,2164.018432828034,2.0641557070025156,115.35033443113898,,,,,,,NonConverged
20.17787410648756,0.4231731342844956,2039.6195647287973,116.28615758991387,1.0987973948964516,0.9363835215556366,20.0,8.0,2039.6195647287973,2039.6195647287973,2019.6195647287973,1.0987973948964516,108.88844175221728,,,,,,,NonConverged
24.199051721417625,0.6428621740542101,2094.317150625483,97.96745130277901,3.4430275014915295,0.9060481694860698,24.0,15.0,2094.317150625483,2094.317150625483,2074.317150625483,3.4430275014915295,88.7632299220986,,,,,,,NonConverged
71.54914730324919,0.5947749417587964,2025.6973511353726,116.87931510913333,1.280204672885098,0.8745461546404536,72.0,43.0,2025.6973511353726,2025.6973511353726,2005.6973511353726,1.280204672885098,102.21635558570242,,,,,,,NonConverged
23.637368130835977,0.31824213450956207,2054.53674140362,86.47985321622747,2.383781924063661,0.9431953246354036,24.0,8.0,2054.53674140362,2054.53674140362,2034.53674140362,2.383781924063661,81.56739322870172,,,,,,,NonConverged
64.93647287312729,0.5638958554758928,1204.204049329568,128.93070426891856,3.293079544695767,0.8582781707474727,65.0,37.0,1204.204049329568,1204.204049329568,1184.204049329568,3.293079544695767,110.6584090131108,,,,,,,NonConverged
52.85496333582982,0.5310558783524219,2388.466151658685,123.936569365774,1.4947997405717641,0.9288020564839905,53.0,28.0,2388.466151658685,2388.466151658685,2368.466151658685,1.4947997405717641,115.11254050050164,,,,,,,NonConverged
24.974794731650675,0.3411417084513926,1322.6632531499713,85.76541121271158,3.806569430645573,0.860002741841357,25.0,9.0,1322.6632531499713,1322.6632531499713,1302.6632531499713,3.806569430645573,73.75848879808343,,,,,,,NonConverged
32.79919847905333,0.5773112269308032,2487.0299668116345,70.88307223317317,4.838307866993087,0.8927008992667486,33.0,19.0,2487.0299668116345,2487.0299668116345,2467.0299668116345,4.838307866993087,63.27738232534358,,,,,,,NonConverged
22.223923939974462,0.6352850661158514,1275.3055678706035,98.94536256169982,3.3593264040483732,0.9488018107970363,22.0,14.0,1275.3055678706035,1275.3055678706035,1255.3055678706035,3.3593264040483732,93.87953916851008,,,,,,,NonConverged
44.741048961359446,0.5897818386044529,1647.0429375670155,90.19636789121714,1.9387238163375236,0.932922906486771,45.0,27.0,1647.0429375670155,1647.0429375670155,1627.0429375670155,1.9387238163375236,84.14625768762436,,,,,,,NonConverged
39.82522230041924,0.4089951139912509,2315.3533294226463,122.88929183198208,4.63471777999921,0.8704407930788001,40.0,16.0,2315.3533294226463,2315.3533294226463,2295.3533294226463,4.63471777999921,106.96785264312258,,,,,,,NonConverged
51.454846073056906,0.3139107496062408,1851.0468369721993,73.20331658480141,1.114409701494656,0.9321618056493715,51.0,16.0,1851.0468369721993,1851.0468369721993,1831.0468369721993,1.114409701494656,68.23733576721106,,,,,,,NonConverged
31.597506024411757,0.5429386285915861,2133.7456697094676,90.51840771392789,1.7054123738254747,0.9437034478594415,32.0,17.0,2133.7456697094676,2133.7456697094676,2113.7456697094676,1.7054123738254747,85.42253345438041,,,,,,,NonConverged
50.52099855199189,0.656423224535721,2230.6860453224044,117.8076900740918,3.5042874431757087,0.9016001526690335,51.0,33.0,2230.6860453224044,2230.6860453224044,2210.6860453224044,3.5042874431757087,106.21543135638734,,,,,,,NonConverged
72.62820342788845,0.38678322300781076,1875.080694567399,106.90603982236503,1.4702200679391622,0.944707211422063,73.0,28.0,1875.080694567399,1875.080694567399,1855.080694567399,1.4702200679391622,100.99490676476249,,,,,,,NonConverged
50.32418946099254,0.3926439740175341,2102.4525622210813,108.25377280466944,2.5095605315996523,0.8511433553937862,50.0,20.0,2102.4525622210813,2102.4525622210813,2082.4525622210813,2.5095605315996523,92.13947941900294,,,,,,,NonConverged
61.579076980639044,0.5587947022788293,2166.915852329609,85.44038051283633,3.9186685003045234,0.9185985342109728,62.0,35.0,2166.915852329609,2166.915852329609,2146.915852329609,3.9186685003045234,78.48540830151921,,,,,,,NonConverged
72.45127992697847,0.3173024798738907,1243.4233599206018,76.72457106392886,4.137075832884122,0.9037041429705039,72.0,23.0,1243.4233599206018,1243.4233599206018,1223.4233599206018,4.137075832884122,69.33631273810735,,,,,,,NonConverged
21.721074022369983,0.4582411566818671,1804.028788441441,75.08380212525039,1.2612114669650027,0.8741327417480441,22.0,10.0,1804.028788441441,1804.028788441441,1784.028788441441,1.2612114669650027,65.63320981261275,,,,,,,NonConverged
20.4129237260867,0.3300431463244979,2291.147450550081,78.1245588034234,1.8347452402320918,0.9206229637689912,20.0,7.0,2291.147450550081,2291.147450550081,2271.147450550081,1.8347452402320918,71.92326286875249,,,,,,,NonConverged
42.36742569988908,0.4110872505688084,2368.5289297317613,128.20902032162883,3.0100853767285516,0.946967025164965,42.0,17.0,2368.5289297317613,2368.5289297317613,2348.5289297317613,3.0100853767285516,121.40971457328739,,,,,,,NonConverged
75.64929908739995,0.3241586185974428,2472.7948421202236,83.9595823796709,2.797523118201719,0.9391593292328778,76.0,25.0,2472.7948421202236,2472.7948421202236,2452.7948421202236,2.797523118201719,78.85142507036427,,,,,,,NonConverged
25.106316671750648,0.32765408021352727,1273.470916493046,74.90370173193475,2.013875568698192,0.8667824935997491,25.0,8.0,1273.470916493046,1273.470916493046,1253.470916493046,2.013875568698192,64.92521736705825,,,,,,,NonConverged
35.10089868867428,0.6745190772346271,1718.9061094076185,82.74104521008509,1.0431359526319035,0.8990410964009118,35.0,24.0,1718.9061094076185,1718.9061094076185,1698.9061094076185,1.0431359526319035,74.3876000030323,,,,,,,NonConverged
41.619671629286714,0.564020575188999,2149.0764110398804,72.4094001734464,2.825709038126628,0.9162874021546907,42.0,24.0,2149.0764110398804,2149.0764110398804,2129.0764110398804,2.825709038126628,66.34782117650661,,,,,,,NonConverged
48.739106694704795,0.3085961356612474,1671.9130958156095,103.03084060843958,3.418443250945636,0.9274858785325659,49.0,15.0,1671.9130958156095,1671.9130958156095,1651.9130958156095,3.418443250945636,95.55964971766736,,,,,,,NonConverged
21.966937735326542,0.4529956593674664,1957.6386478917434,112.82961336844104,4.925543628532517,0.8794216235241601,22.0,10.0,1957.6386478917434,1957.6386478917434,1937.6386478917434,4.925543628532517,99.2248017700777,,,,,,,NonConverged
57.74079342741799,0.30217166315054894,1345.5789618208182,100.2479970056512,2.269701960164339,0.8692643954908287,58.0,18.0,1345.5789618208182,1345.5789618208182,1325.5789618208182,2.269701960164339,87.1420145162838,,,,,,,NonConverged
39.21169222865238,0.685172459550075,1560.1168043094976,119.17992087087003,3.5831394691846494,0.8547178404879773,39.0,27.0,1560.1168043094976,1560.1168043094976,1540.1168043094976,3.5831394691846494,101.86520459627805,,,,,,,NonConverged
25.564101585530782,0.47011524275825334,2437.3839430335756,83.35094820539535,3.4705300639821868,0.9173828884501992,26.0,12.0,2437.3839430335756,2437.3839430335756,2417.3839430335756,3.4705300639821868,76.46473361972853,,,,,,,NonConverged
55.025084972028885,0.6582142371390178,2237.699648291419,72.15031871922687,3.116736046645998,0.9446129153123827,55.0,36.0,2237.699648291419,2237.699648291419,2217.699648291419,3.116736046645998,68.15412290608647,,,,,,,NonConverged
61.811996197838496,0.6028160148951925,1304.9647789089133,114.89646769574246,4.673458561126509,0.9234900847779391,62.0,37.0,1304.9647789089133,1304.9647789089133,1284.9647789089133,4.673458561126509,106.10574869302695,,,,,,,NonConverged
31.89268639728458,0.6327539158870698,1780.095729057468,124.5748672294263,2.5873033371220577,0.8841726564134712,32.0,20.0,1780.095729057468,1780.095729057468,1760.095729057468,2.5873033371220577,110.14569128059733,,,,,,,NonConverged
29.209358895018962,0.5251152308297198,1292.930861607827,83.15845654932969,1.3432908719183119,0.9279899818070796,29.0,15.0,1292.930861607827,1292.930861607827,1272.930861607827,1.3432908719183119,77.17021458031728,,,,,,,NonConverged
77.97620933785196,0.593444202123161,2303.606690370243,116.07837415761708,2.140466478240143,0.9341998495849182,78.0,46.0,2303.606690370243,2303.606690370243,2283.606690370243,2.140466478240143,108.44039967810772,,,,,,,NonConverged
70.89362278173078,0.3570836814071795,2049.3827164397485,90.63633842625923,2.3634451382302464,0.9251770802343287,71.0,25.0,2049.3827164397485,2049.3827164397485,2029.3827164397485,2.3634451382302464,83.854662948337,,,,,,,NonConverged
38.56942457557473,0.6374391121889685,1406.5206560413458,110.58997866206062,4.995434617642525,0.9224018476565014,39.0,25.0,1406.5206560413458,1406.5206560413458,1386.5206560413458,4.995434617642525,102.00840065017778,,,,,,,NonConverged
54.47545825100236,0.30299888188700685,1651.5609133365963,113.75760907778388,4.00101622245209,0.8821873367990265,54.0,16.0,1651.5609133365963,1651.5609133365963,1631.5609133365963,4.00101622245209,100.35552219295492,,,,,,,NonConverged
44.47219727014716,0.35333025496988435,2335.3620698402183,103.74382072280717,1.1325058252461313,0.8751805793194878,44.0,16.0,2335.3620698402183,2335.3620698402183,2315.3620698402183,1.1325058252461313,90.79457712100346,,,,,,,NonConverged
28.97419398856359,0.3811302310531232,2414.926774476869,111.52141452168595,3.7343753006646,0.8608936145017972,29.0,11.0,2414.926774476869,2414.926774476869,2394.926774476869,3.7343753006646,96.00807364192744,,,,,,,NonConverged
45.85476397432322,0.6273852007597934,2250.14021102844,90.8800609286568,1.8203628803632133,0.9063499796351252,46.0,29.0,2250.14021102844,2250.14021102844,2230.14021102844,1.8203628803632133,82.36914137192703,,,,,,,NonConverged
45.73145727144901,0.3077636859983343,1409.3949257361874,123.03079848773842,3.279463283467468,0.8881834557705257,46.0,14.0,1409.3949257361874,1409.3949257361874,1389.3949257361874,3.279463283467468,109.27391976704668,,,,,,,NonConverged
37.021502462062536,0.3816671751747695,2474.035499895177,85.89371723768055,1.7378667237493182,0.880232506572954,37.0,14.0,2474.035499895177,2474.035499895177,2454.035499895177,1.7378667237493182,75.6064420229921,,,,,,,NonConverged
77.21049288006681,0.39817821934859127,1677.7997869116912,117.71937195917619,1.01917574759916,0.9230934058216594,77.0,31.0,1677.7997869116912,1677.7997869116912,1657.7997869116912,1.01917574759916,108.6659759929827,,,,,,,NonConverged
73.09821316964972,0.5921238848974539,1211.1830290523128,124.07058564037135,1.1554351675559993,0.9045306144439229,73.0,43.0,1211.1830290523128,1211.1830290523128,1191.1830290523128,1.1554351675559993,112.22564306370245,,,,,,,NonConverged
21.31198997835329,0.6651655906422502,1858.2691973907442,94.86650201537066,1.2045930968220926,0.9071123634285966,21.0,14.0,1858.2691973907442,1858.2691973907442,1838.2691973907442,1.2045930968220926,86.0545768533666,,,,,,,NonConverged
77.19604671093145,0.36756460420977094,2403.809490661877,90.24436971549119,1.0818582613147183,0.9139177732075913,77.0,28.0,2403.809490661877,2403.809490661877,2383.809490661877,1.0818582613147183,82.47593341490429,,,,,,,NonConverged
58.0664301682304,0.601160849595389,2256.1410057223925,104.97226910075332,1.0628863897786769,0.8804417544842169,58.0,35.0,2256.1410057223925,2256.1410057223925,2236.1410057223925,1.0628863897786769,92.4219687792566,,,,,,,NonConverged
73.81793461796295,0.47172997012276774,1596.3176575152136,100.65972177975131,4.093961033753526,0.8714633131723709,74.0,35.0,1596.3176575152136,1596.3176575152136,1576.3176575152136,4.093961033753526,87.72125464519114,,,,,,,NonConverged
54.74897861379452,0.5351660291241147,1683.9445382993952,106.40477432186165,2.5280043181978185,0.9237715240930796,55.0,29.0,1683.9445382993952,1683.9445382993952,1663.9445382993952,2.5280043181978185,98.29370054608631,,,,,,,NonConverged
70.59535448353066,0.4727999180718203,1971.8745336756024,117.07795451111335,2.1274140948480538,0.9310213541668547,71.0,34.0,1971.8745336756024,1971.8745336756024,1951.8745336756024,2.1274140948480538,109.00207575202217,,,,,,,NonConverged
51.02920312477056,0.6489037124349027,2163.973623591154,95.10203514878151,1.804903966665135,0.907555296244347,51.0,33.0,2163.973623591154,2163.973623591154,2143.973623591154,1.804903966665135,86.3103556828927,,,,,,,NonConverged
42.75115899984682,0.35078310421965925,1754.9965438355066,93.6313354228476,2.253623940923139,0.8710850028247401,43.0,15.0,1754.9965438355066,1754.9965438355066,1734.9965438355066,2.253623940923139,81.5608520812954,,,,,,,NonConverged
23.0470665542876,0.3203165465440498,1475.2507002659167,120.30870956109715,3.79679698298468,0.9401183936018802,23.0,7.0,1475.2507002659167,1475.2507002659167,1455.2507002659167,3.79679698298468,113.10443076889382,,,,,,,NonConverged
40.742135972779536,0.6969895887870634,1258.1275007122504,79.51800352235499,3.6904152452160717,0.8860613146610824,41.0,29.0,1258.1275007122504,1258.1275007122504,1238.1275007122504,3.6904152452160717,70.45782674024244,,,,,,,NonConverged
56.82788601614113,0.48910973397376295,1230.3008028578668,123.73277400629414,3.0293665221909234,0.9307202753779218,57.0,28.0,1230.3008028578668,1230.3008028578668,1210.3008028578668,3.0293665221909234,115.16060149641224,,,,,,,NonConverged
60.37233418597679,0.6123008854650892,2360.8319486083255,124.3219874819687,1.3066852064665078,0.9286024697255897,60.0,37.0,2360.8319486083255,2360.8319486083255,2340.8319486083255,1.3066852064665078,115.44570461694998,,,,,,,NonConverged
40.169207283484475,0.6981029328899375,1907.9814363874639,77.61341984351735,3.133589051392893,0.9203101197878029,40.0,28.0,1907.9814363874639,1907.9814363874639,1887.9814363874639,3.133589051392893,71.42841571332849,,,,,,,NonConverged
53.772400496530416,0.554945682701472,1402.4939273401596,92.42303018809872,4.511153956570279,0.9059627183992064,54.0,30.0,1402.4939273401596,1402.4939273401596,1382.4939273401596,4.511153956570279,83.73181967190183,,,,,,,NonConverged
78.6334941430152,0.4664315248266559,1570.831519956388,112.48956301428814,4.53998978467893,0.9337712790281283,79.0,37.0,1570.831519956388,1570.831519956388,1550.831519956388,4.53998978467893,105.03952313316707,,,,,,,NonConverged
48.06946265302615,0.30534394399262926,1845.6691717266951,118.09670811947288,2.8920640121738552,0.9347573855670104,48.0,15.0,1845.6691717266951,1845.6691717266951,1825.6691717266951,2.8920640121738552,110.3917701258288,,,,,,,NonConverged
71.60466718435669,0.3115755648164946,2008.3347614947038,104.7150446150369,1.9593144112725742,0.8577759118562588,72.0,22.0,2008.3347614947038,2008.3347614947038,1988.3347614947038,1.9593144112725742,89.8220428797321,,,,,,,NonConverged
57.92933246098631,0.570950048167158,1655.727479673778,91.63575384268043,4.0477777866928015,0.878226151439253,58.0,33.0,1655.727479673778,1655.727479673778,1635.727479673778,4.0477777866928015,80.47691543149197,,,,,,,NonConverged
76.85023584406659,0.601598147421543,2320.204551065637,79.82139379609274,2.358081217385619,0.8967069770734469,77.0,46.0,2320.204551065637,2320.204551065637,2300.204551065637,2.358081217385619,71.57640073668351,,,,,,,NonConverged
61.38078095340562,0.4211286326372605,2354.686693275813,74.78649630396252,1.6392959053146652,0.9369998270852781,61.0,26.0,2354.686693275813,2354.686693275813,2334.686693275813,1.6392959053146652,70.07493410512667,,,,,,,NonConverged
42.51273666806115,0.4483005014916103,1269.182367148787,116.46954847870683,1.8823583024344508,0.8506106663838073,43.0,19.0,1269.182367148787,1269.182367148787,1249.182367148787,1.8823583024344508,99.07024024489397,,,,,,,NonConverged
32.970627253035715,0.3095189320351726,2106.4331266902163,92.69221164674717,1.8957440016094136,0.8576357479741918,33.0,10.0,2106.4331266902163,2106.4331266902163,2086.4331266902163,1.8957440016094136,79.4961542670401,,,,,,,NonConverged
79.92110369641225,0.46701626992519146,2459.8843748429294,76.2495342171133,4.5532776186081225,0.8837499113373506,80.0,37.0,2459.8843748429294,2459.8843748429294,2439.8843748429294,4.5532776186081225,67.38551910388816,,,,,,,NonConverged
47.70706407242854,0.6075094608797043,1355.0501800619259,119.958324131713,2.829980122525715,0.899960363217322,48.0,29.0,1355.0501800619259,1355.0501800619259,1335.0501800619259,2.829980122525715,107.95773695651766,,,,,,,NonConverged
20.98280352997781,0.3290982781799705,1593.5734984503663,89.43537847543863,2.6746865783536773,0.9150032038475464,21.0,7.0,1593.5734984503663,1593.5734984503663,1573.5734984503663,2.6746865783536773,81.83365784234424,,,,,,,NonConverged
37.772557748441876,0.36446194689907513,2407.0555054687948,71.72141636466058,4.321665544012612,0.8876748014513905,38.0,14.0,2407.0555054687948,2407.0555054687948,2387.0555054687948,4.321665544012612,63.6652940313126,,,,,,,NonConverged
56.22542820824516,0.5837435990946198,1242.376542341428,96.06878522418098,1.396145552244824,0.8730884249564065,56.0,33.0,1242.376542341428,1242.376542341428,1222.376542341428,1.396145552244824,83.87654437885547,,,,,,,NonConverged
54.88671586983807,0.4792654549753461,1811.7429633256986,114.45789344565146,2.8529789631333697,0.8543168469542847,55.0,26.0,1811.7429633256986,1811.7429633256986,1791.7429633256986,2.8529789631333697,97.78330663751845,,,,,,,NonConverged
28.2796883095088,0.6233517438991703,1892.2058664935137,101.51626878253704,3.149894529083562,0.8847244628384473,28.0,17.0,1892.2058664935137,1892.2058664935137,1872.2058664935137,3.149894529083562,89.81392636799352,,,,,,,NonConverged
60.68775538642199,0.6194861740255239,1931.160314033521,86.09561630584615,1.5558033384191416,0.9298119682876509,61.0,38.0,1931.160314033521,1931.160314033521,1911.160314033521,1.5558033384191416,80.05273445827719,,,,,,,NonConverged
30.26466952349807,0.4745785610521075,2200.995374318235,128.15754457223184,3.2014065133637497,0.9254512364122571,30.0,14.0,2200.995374318235,2200.995374318235,2180.995374318235,3.2014065133637497,118.6035580799309,,,,,,,NonConverged
74.5656079296126,0.6988129813842351,1869.6301909254216,83.50478164866426,2.4675261074154315,0.9283135044359389,75.0,52.0,1869.6301909254216,1869.6301909254216,1849.6301909254216,2.4675261074154315,77.51861648942939,,,,,,,NonConverged
52.15696434507426,0.3765523048997937,1675.819558458478,111.0640945981582,1.037145436142177,0.939966947676467,52.0,20.0,1675.819558458478,1675.819558458478,1655.819558458478,1.037145436142177,104.39657799588116,,,,,,,NonConverged
35.55860296807184,0.47543635462097056,1285.9034007035834,92.97306159501534,4.601862908183747,0.8625598675988009,36.0,17.0,1285.9034007035834,1285.9034007035834,1265.9034007035834,4.601862908183747,80.19483169965159,,,,,,,NonConverged
63.32784826269635,0.34525963945399835,2091.1180649648245,82.34703856453568,1.7251935324354428,0.8509315365674425,63.0,22.0,2091.1180649648245,2091.1180649648245,2071.1180649648245,1.7251935324354428,70.0716920574988,,,,,,,NonConverged
57.42232690938743,0.4120937778387739,1905.9007320855671,99.37851940874228,3.545128980825187,0.9207934769145631,57.0,23.0,1905.9007320855671,1905.9007320855671,1885.9007320855671,3.545128980825187,91.5070924169972,,,,,,,NonConverged
47.17560620715807,0.38553015690942627,1976.7314901019358,103.23603822835238,4.979652526308186,0.9316677742628269,47.0,18.0,1976.7314901019358,1976.7314901019358,1956.7314901019358,4.979652526308186,96.18168995992117,,,,,,,NonConverged
28.19116497941117,0.3581316467144185,2260.2629411012704,82.81027090025748,3.885641853886699,0.9147312696781851,28.0,10.0,2260.2629411012704,2260.2629411012704,2240.2629411012704,3.885641853886699,75.74914424298699,,,,,,,NonConverged
39.5659317612683,0.4040284878081327,2432.839228630203,113.50126558474587,3.32038820361939,0.8702064225462609,40.0,16.0,2432.839228630203,2432.839228630203,2412.839228630203,3.32038820361939,98.76953027897474,,,,,,,NonConverged
58.520494995088995,0.3952203297295934,1372.7784386876262,70.53578287471763,4.877423889034065,0.9032989055069642,59.0,23.0,1372.7784386876262,1372.7784386876262,1352.7784386876262,4.877423889034065,63.7148954698093,,,,,,,NonConverged
59.82677107873379,0.5805475584451634,2398.7790845700456,78.71826612452665,1.1942464132841686,0.8671222836059518,60.0,35.0,2398.7790845700456,2398.7790845700456,2378.7790845700456,1.1942464132841686,68.25836268340059,,,,,,,NonConverged
77.41464612170219,0.6920896271737906,1809.3035347553673,96.53414750808045,2.20731937999753,0.9084773552565238,77.0,53.0,1809.3035347553673,1809.3035347553673,1789.3035347553673,2.20731937999753,87.69908702008408,,,,,,,NonConverged
79.30763641771006,0.5231216621202444,2042.597604232021,105.5358568906612,3.3420569225898316,0.89820713573748,79.0,41.0,2042.597604232021,2042.597604232021,2022.597604232021,3.3420569225898316,94.79305973536138,,,,,,,NonConverged
68.98107204635014,0.410445249823448,1794.86650685737,95.32218065769558,1.4638061470325314,0.8648124425298084,69.0,28.0,1794.86650685737,1794.86650685737,1774.86650685737,1.4638061470325314,82.43580788184937,,,,,,,NonConverged
48.84889209150531,0.34632343685020617,1781.4172438449973,93.414499028075,1.4053680729456821,0.9377770174470028,49.0,17.0,1781.4172438449973,1781.4172438449973,1761.4172438449973,1.4053680729456821,87.60197028485412,,,,,,,NonConverged
47.589484801935384,0.6174059734786375,2177.6325661515184,84.01521991989091,1.2322802996699966,0.9119984604003856,48.0,30.0,2177.6325661515184,2177.6325661515184,2157.6325661515184,1.2322802996699966,76.62175121714031,,,,,,,NonConverged
63.99229160013532,0.6937594415924401,1548.5617719400616,121.19469351255879,4.763420533850368,0.8597159515543102,64.0,44.0,1548.5617719400616,1548.5617719400616,1528.5617719400616,4.763420533850368,104.19301125648246,,,,,,,NonConverged
34.70071650351214,0.4993789900795236,2330.97628319505,106.24267005750127,2.3422571191100516,0.8807070787934058,35.0,17.0,2330.97628319505,2330.97628319505,2310.97628319505,2.3422571191100516,93.56867158955359,,,,,,,NonConverged
62.925387882488394,0.6499132294524923,2299.4951855844697,81.96788233748302,4.283001227954916,0.9381678031737178,63.0,41.0,2299.4951855844697,2299.4951855844697,2279.4951855844697,4.283001227954916,76.89962810335822,,,,,,,NonConverged
71.09270241524956,0.4760461120620243,2439.491153713704,100.02887157565952,1.8641652094297996,0.9371352424352327,71.0,34.0,2439.491153713704,2439.491153713704,2419.491153713704,1.8641652094297996,93.74058081457845,,,,,,,NonConverged
30.624370515068893,0.6368340480847348,1988.2285399476123,121.83780741955202,1.3002431526485043,0.9088118691065469,31.0,20.0,1988.2285399476123,1988.2285399476123,1968.2285399476123,1.3002431526485043,110.72764548880657,,,,,,,NonConverged
65.20357114073643,0.6805237180926745,1739.8250893287802,92.32600312643056,3.9010984094312793,0.9249605336389404,65.0,44.0,1739.8250893287802,1739.8250893287802,1719.8250893287802,3.9010984094312793,85.39790912057369,,,,,,,NonConverged
32.041049888316486,0.4855497108557506,1315.7676124168486,73.53924067631802,3.708342209915536,0.8539920098814907,32.0,16.0,1315.7676124168486,1315.7676124168486,1295.7676124168486,3.708342209915536,62.8019239503275,,,,,,,NonConverged
75.89590851124656,0.399381765713758,2267.3427839984934,112.16732165997011,4.271088923456064,0.8825410886640417,76.0,30.0,2267.3427839984934,2267.3427839984934,2247.3427839984934,4.271088923456064,98.99227017031977,,,,,,,NonConverged
26.076257044366074,0.5452798733201696,1522.9991821455337,97.09554982120352,2.783808981295267,0.9026201254486069,26.0,14.0,1522.9991821455337,1522.9991821455337,1502.9991821455337,2.783808981295267,87.64039736011618,,,,,,,NonConverged
71.96230513939754,0.5848744785625821,2248.2471560196786,107.81053604085407,2.5679334125133892,0.8603970101324977,72.0,42.0,2248.2471560196786,2248.2471560196786,2228.2471560196786,2.5679334125133892,92.75986287033273,,,,,,,NonConverged
78.00511657537824,0.5078923529599964,1517.8427656389483,99.42571818265176,2.9915435408804436,0.8645236579595476,78.0,40.0,1517.8427656389483,1517.8427656389483,1497.8427656389483,2.9915435408804436,85.9558855785212,,,,,,,NonConverged
28.71378472847241,0.6346188014853235,1665.6833967444131,109.00129140064263,2.7472172329870412,0.9296532002570526,29.0,18.0,1665.6833967444131,1665.6833967444131,1645.6833967444131,2.7472172329870412,101.33339938275897,,,,,,,NonConverged
61.058840599274106,0.599597646844404,1456.0870470019067,81.39097705085814,1.5608550119731857,0.8523875080854041,61.0,37.0,1456.0870470019067,1456.0870470019067,1436.0870470019067,1.5608550119731857,69.37665210901729,,,,,,,NonConverged
66.17649912354949,0.4972535675502435,1703.3829334545833,119.56884846580508,3.3662013579603216,0.9110280850473738,66.0,33.0,1703.3829334545833,1703.3829334545833,1683.3829334545833,3.3662013579603216,108.93057904912202,,,,,,,NonConverged
38.08651037729014,0.6088036889313695,1640.0715970956326,79.18737656585922,2.0804166357151788,0.9268964486049729,38.0,23.0,1640.0715970956326,1640.0715970956326,1620.0715970956326,2.0804166357151788,73.39849811323957,,,,,,,NonConverged
57.36212730166543,0.5569519369308795,2201.154382822137,126.58114278930239,1.1751026261266508,0.9420973853685328,57.0,32.0,2201.154382822137,2201.154382822137,2181.154382822137,1.1751026261266508,119.2517636587627,,,,,,,NonConverged
35.8339961641682,0.46803213661284276,1863.6839964927601,115.61132352974442,4.958307529909455,0.9407347371449443,36.0,17.0,1863.6839964927601,1863.6839964927601,1843.6839964927601,4.958307529909455,108.75958805173323,,,,,,,NonConverged
72.29086486118379,0.6286086725398935,1919.7713398359444,114.60563923627066,3.9506021556927573,0.9135056872035093,72.0,45.0,1919.7713398359444,1919.7713398359444,1899.7713398359444,3.9506021556927573,104.6929032279269,,,,,,,NonConverged
26.308719228419633,0.540818211390369,1497.4330708718517,88.52169863166311,2.692136623529984,0.9463075213049131,26.0,14.0,1497.4330708718517,1497.4330708718517,1477.4330708718517,2.692136623529984,83.76874921382964,,,,,,,NonConverged
36.84402603122554,0.4340719028094397,2079.9670338829733,81.4775557982812,4.759530986904208,0.9019474922195608,37.0,16.0,2079.9670338829733,2079.9670338829733,2059.9670338829733,4.759530986904208,73.48847712443907,,,,,,,NonConverged
20.758836041397398,0.5266990186341471,1532.718948353343,121.69684886474239,2.7208509742447973,0.9350076024233618,21.0,11.0,1532.718948353343,1532.718948353343,1512.718948353343,2.7208509742447973,113.787478879501,,,,,,,NonConverged
49.15272791292329,0.3706011764749999,1632.6677253923363,123.3873343042595,3.650731676785435,0.9101438100950987,49.0,18.0,1632.6677253923363,1632.6677253923363,1612.6677253923363,3.650731676785435,112.30021856115641,,,,,,,NonConverged
56.417510240740874,0.37395037482174087,1218.954045254304,80.1596265496781,4.682658885057682,0.8687940703638315,56.0,21.0,1218.954045254304,1218.954045254304,1198.954045254304,4.682658885057682,69.64220822893948,,,,,,,NonConverged
46.227172634161455,0.4067348758573256,2411.8257633050544,74.58188418829292,3.0903209472277764,0.9181873861447747,46.0,19.0,2411.8257633050544,2411.8257633050544,2391.8257633050544,3.0903209472277764,68.48014529660098,,,,,,,NonConverged
63.0108612696351,0.3354955869035021,2136.9933160741166,91.29190466156585,4.064229216394254,0.9005597552936822,63.0,21.0,2136.9933160741166,2136.9933160741166,2116.9933160741166,4.064229216394254,82.2138153223139,,,,,,,NonConverged
49.26936162299544,0.36843619547375345,2194.7827077638276,97.75427087946758,1.4437079096064975,0.8612770423194624,49.0,18.0,2194.7827077638276,2194.7827077638276,2174.7827077638276,1.4437079096064975,84.1935092971634,,,,,,,NonConverged
35.612666061626975,0.683749461894618,2226.534979761059,117.50047045952692,4.93973933869187,0.9271639356950738,36.0,25.0,2226.534979761059,2226.534979761059,2206.534979761059,4.93973933869187,108.94219863727774,,,,,,,NonConverged
46.71266650213223,0.45867358014289383,1327.8927840117608,86.70441068385203,1.1410431191638057,0.8989777247484328,47.0,22.0,1327.8927840117608,1327.8927840117608,1307.8927840117608,1.1410431191638057,77.94533384222301,,,,,,,NonConverged
40.881408673770075,0.46369604297036904,2029.2370277523407,93.9898333076103,4.7069148386499595,0.8815103316403291,41.0,19.0,2029.2370277523407,2029.2370277523407,2009.2370277523407,4.7069148386499595,82.8530091298108,,,,,,,NonConverged
72.02064892568185,0.34203258510235607,1217.0718997861784,81.03555729078124,4.151357550271105,0.8707394143174754,72.0,25.0,1217.0718997861784,1217.0718997861784,1197.0718997861784,4.151357550271105,70.56085369426508,,,,,,,NonConverged
79.11436602729823,0.3551494176743378,1490.956340983548,126.27378691142562,3.262031018202188,0.9124458234685445,79.0,28.0,1490.956340983548,1490.956340983548,1470.956340983548,3.262031018202188,115.21798948088727,,,,,,,NonConverged
44.06562916227719,0.31205255071665783,1332.7260466066527,115.31498364649718,2.1625050271841726,0.8914980792284191,44.0,14.0,1332.7260466066527,1332.7260466066527,1312.7260466066527,2.1625050271841726,102.8030864271088,,,,,,,NonConverged
74.05268538137685,0.3487203873807285,1298.7328543854783,113.8509592314438,4.704917931077537,0.8942671387788229,74.0,26.0,1298.7328543854783,1298.7328543854783,1278.7328543854783,4.704917931077537,101.81317155912765,,,,,,,NonConverged
46.07463500344316,0.6203369735997439,1512.4563524902394,113.14548270051682,2.771857009885326,0.9313479844468258,46.0,29.0,1512.4563524902394,1512.4563524902394,1492.4563524902394,2.771857009885326,105.37781726238954,,,,,,,NonConverged
69.96911538239557,0.4170697773569938,1788.0709057012466,120.49412172919475,4.228228992452879,0.8754131513257567,70.0,29.0,1788.0709057012466,1788.0709057012466,1768.0709057012466,4.228228992452879,105.4821388191837,,,,,,,NonConverged
58.25836848923148,0.3157664259095253,1467.1167085967209,73.90431901478266,3.0247009872868587,0.9395755234326244,58.0,18.0,1467.1167085967209,1467.1167085967209,1447.1167085967209,3.0247009872868587,69.43868922224607,,,,,,,NonConverged
38.93833335920944,0.6264969650688945,2462.9489613350643,80.65899436069516,1.225734244913642,0.9245062922994123,39.0,24.0,2462.9489613350643,2462.9489613350643,2442.9489613350643,1.225734244913642,74.56974781700549,,,,,,,NonConverged
74.64355776094644,0.5176693464947301,2496.468016583052,104.11035187336589,3.8290592388981355,0.8559197489762619,75.0,39.0,2496.468016583052,2496.468016583052,2476.468016583052,3.8290592388981355,89.11010624128163,,,,,,,NonConverged
76.3278378877165,0.3437648592314429,2211.9742336624763,115.52158799551691,2.490120971781143,0.9010827397635897,76.0,26.0,2211.9742336624763,2211.9742336624763,2191.9742336624763,2.490120971781143,104.09450901284099,,,,,,,NonConverged
29.737230645577668,0.6729695942264722,2018.4328085663146,87.9122356596396,3.222627138282169,0.8748769090528863,30.0,20.0,2018.4328085663146,2018.4328085663146,1998.4328085663146,3.222627138282169,76.91238500183442,,,,,,,NonConverged
68.15280054747589,0.5736491260135734,2417.969985494796,77.10041362944222,2.5514266876887888,0.9053776092411311,68.0,39.0,2417.969985494796,2417.969985494796,2397.969985494796,2.5514266876887888,69.80498816332671,,,,,,,NonConverged
68.20023407253326,0.3791819780203602,1564.4776223116605,70.21827835068888,2.0294473134958984,0.9331796895363089,68.0,26.0,1564.4776223116605,1564.4776223116605,1544.4776223116605,2.0294473134958984,65.52627119106997,,,,,,,NonConverged
76.18376919991522,0.5066455925927464,1917.2654639224406,122.50113709329307,2.4479018348284938,0.8591439442162362,76.0,39.0,1917.2654639224406,1917.2654639224406,1897.2654639224406,2.4479018348284938,105.24611009330567,,,,,,,NonConverged
53.089567459339115,0.484217849278623,1390.195819219197,109.35496446677888,4.202759933613871,0.9047173877109254,53.0,26.0,1390.195819219197,1390.195819219197,1370.195819219197,4.202759933613871,98.93533778560526,,,,,,,NonConverged
41.00103515727582,0.4921694506448172,1287.1437709693532,113.33713041147402,4.341311178213209,0.9345773049650598,41.0,20.0,1287.1437709693532,1287.1437709693532,1267.1437709693532,4.341311178213209,105.9223098924289,,,,,,,NonConverged
23.878740120361456,0.4134149261943906,1488.839889491783,95.68859964362372,3.5960493382606202,0.9479434000087424,24.0,10.0,1488.839889491783,1488.839889491783,1468.839889491783,3.5960493382606202,90.70737648825201,,,,,,,NonConverged
53.56096289403627,0.3052560728739491,2170.8863947336267,114.11942407829847,3.455545054773305,0.8831062235091034,54.0,16.0,2170.8863947336267,2170.8863947336267,2150.8863947336267,3.455545054773305,100.77957362682,,,,,,,NonConverged
47.36161576771779,0.6144327170045611,2444.4813844601213,93.34705765787609,2.707822864217307,0.8972866481984368,47.0,29.0,2444.4813844601213,2444.4813844601213,2424.4813844601213,2.707822864217307,83.75906848502187,,,,,,,NonConverged
59.26445827710911,0.4535807014986254,2485.9805556501988,115.9447585273087,3.427139748184811,0.9405784674648846,59.0,27.0,2485.9805556501988,2485.9805556501988,2465.9805556501988,3.427139748184811,109.05514328620212,,,,,,,NonConverged
75.51400859001998,0.3887566458756768,2182.5701827503044,77.24484178271258,3.069708675423611,0.852207227328592,76.0,30.0,2182.5701827503044,2182.5701827503044,2162.5701827503044,3.069708675423611,65.82861244108126,,,,,,,NonConverged
45.43297484178385,0.39704923342080134,1481.64800830544,109.48576652758885,2.800078963033968,0.9493204518967243,45.0,18.0,1481.64800830544,1481.64800830544,1461.64800830544,2.800078963033968,103.9370773562299,,,,,,,NonConverged
24.75840038525831,0.6619747804766839,2045.8235901420721,122.38219159898499,3.8480635379498813,0.8950843080664567,25.0,17.0,2045.8235901420721,2045.8235901420721,2025.8235901420721,3.8480635379498813,109.54237928703401,,,,,,,NonConverged
23.32569135831873,0.6157482181060325,1636.8195180812813,88.317990242617,3.1936077723359215,0.8673793951940613,23.0,14.0,1636.8195180812813,1636.8195180812813,1616.8195180812813,3.1936077723359215,76.60520496139614,,,,,,,NonConverged
25.8715495162864,0.36174613072731265,1698.4070555900112,127.71763131193981,1.2746219412900115,0.8626922176774247,26.0,9.0,1698.4070555900112,1698.4070555900112,1678.4070555900112,1.2746219412900115,110.18100659300505,,,,,,,NonConverged
25.35082488259899,0.35369357967159615,1205.396849734388,127.58044240051092,3.233756914590752,0.9499331458428928,25.0,9.0,1205.396849734388,1205.396849734388,1185.396849734388,3.233756914590752,121.19289099754532,,,,,,,NonConverged
50.7629249454395,0.6780482291860495,1606.0791379341317,73.04078791047482,4.387898601448127,0.8977324264649038,51.0,35.0,1606.0791379341317,1606.0791379341317,1586.0791379341317,4.387898601448127,65.57108376177897,,,,,,,NonConverged
41.946793825475666,0.44763448747508183,2364.5628438161575,74.37299238078876,3.7474160217586174,0.8885326507339476,42.0,19.0,2364.5628438161575,2364.5628438161575,2344.5628438161575,3.7474160217586174,66.08283206311792,,,,,,,NonConverged
58.955062105090825,0.44553777193265565,1575.2701536884829,84.59297663777807,4.797840779063339,0.9427869165532146,59.0,26.0,1575.2701536884829,1575.2701536884829,1555.2701536884829,4.797840779063339,79.7531516063889,,,,,,,NonConverged
48.24341894516566,0.6103854208153483,1707.3579524465135,98.62980057598956,3.6686882566125187,0.9412574462844002,48.0,29.0,1707.3579524465135,1707.3579524465135,1687.3579524465135,3.6686882566125187,92.8360342176956,,,,,,,NonConverged
28.589892802269986,0.3388434352806899,1363.341532342133,95.4762167237653,1.6565337748839903,0.8912905689138296,29.0,10.0,1363.341532342133,1363.341532342133,1343.341532342133,1.6565337748839903,85.09705152146488,,,,,,,NonConverged
24.24383232909619,0.550748651388052,1721.1770418150988,120.91175545030389,2.4283109581499773,0.9414908474566425,24.0,13.0,1721.1770418150988,1721.1770418150988,1701.1770418150988,2.4283109581499773,113.83731110637692,,,,,,,NonConverged
22.85104581443665,0.40290599207485517,1357.0861375993043,82.54242902479037,2.198428747987922,0.9142538871568793,23.0,9.0,1357.0861375993043,1357.0861375993043,1337.0861375993043,2.198428747987922,75.4647365912854,,,,,,,NonConverged
34.89942501260393,0.5779929641036092,2272.141874486304,82.12097963249042,1.5361747815806663,0.8616956154165509,35.0,20.0,2272.141874486304,2272.141874486304,2252.141874486304,1.5361747815806663,70.76328808302887,,,,,,,NonConverged
50.9506549893041,0.42435130237639745,2323.7287886389713,73.69538190014414,4.1974862635483445,0.9000682559138058,51.0,22.0,2323.7287886389713,2323.7287886389713,2303.7287886389713,4.1974862635483445,66.3308738557646,,,,,,,NonConverged
64.20787474287424,0.37103755155702184,1334.6892733479551,103.4031629470104,3.3953059910101433,0.8721205921490245,64.0,24.0,1334.6892733479551,1334.6892733479551,1314.6892733479551,3.3953059910101433,90.18002769942878,,,,,,,NonConverged
27.305213452472383,0.461351161670849,2005.5934994293,102.91752501714055,1.7083261460729702,0.9145719828964911,27.0,12.0,2005.5934994293,2005.5934994293,1985.5934994293,1.7083261460729702,94.12548492972546,,,,,,,NonConverged
72.84244142987222,0.478156289116293,2127.4200929938092,89.02329403271526,4.582649061897832,0.9097432689621541,73.0,35.0,2127.4200929938092,2127.4200929938092,2107.4200929938092,4.582649061897832,80.9883425271014,,,,,,,NonConverged
20.332628691233346,0.4911915162130459,1374.813250003629,129.63408091818286,2.8663406554549065,0.8792599473696159,20.0,10.0,1374.813250003629,1374.813250003629,1354.813250003629,2.8663406554549065,113.98205516542998,,,,,,,NonConverged
69.65761643788228,0.3832486356840406,1249.8523779944617,109.7889580086584,2.6086896548871805,0.9480449665893631,70.0,27.0,1249.8523779944617,1249.8523779944617,1229.8523779944617,2.6086896548871805,104.08486902719955,,,,,,,NonConverged
58.79382143259279,0.43813808501951357,2491.57102408676,110.78982385309101,4.216670589986071,0.8899141291279393,59.0,26.0,2491.57102408676,2491.57102408676,2471.57102408676,4.216670589986071,98.59342961046129,,,,,,,NonConverged
32.42667823356926,0.6390052426947208,2158.161944259614,102.55681504191375,4.566249429935752,0.9094069100188084,32.0,20.0,2158.161944259614,2158.161944259614,2138.161944259614,4.566249429935752,93.26587626863723,,,,,,,NonConverged
59.150860051401004,0.5156923382596437,2014.5488774215105,125.00829694120492,4.857199774932605,0.9387881465486633,59.0,30.0,2014.5488774215105,2014.5488774215105,1994.5488774215105,4.857199774932605,117.3563073886387,,,,,,,NonConverged
73.251201055461,0.3899578494417394,2125.270086775275,71.91009355177529,1.5781274771719516,0.9222661550082025,73.0,28.0,2125.270086775275,2125.270086775275,2105.270086775275,1.5781274771719516,66.32024548627594,,,,,,,NonConverged
38.62238826099703,0.6589176635050409,1432.4852243503744,84.68427814063749,3.304786302667333,0.8640092179173554,39.0,26.0,1432.4852243503744,1432.4852243503744,1412.4852243503744,3.304786302667333,73.167996926188,,,,,,,NonConverged
44.219421462473946,0.3334374699913344,1501.8939601266184,96.76617305852344,3.5171763711537825,0.877636666202985,44.0,15.0,1501.8939601266184,1501.8939601266184,1481.8939601266184,3.5171763711537825,84.92554152430361,,,,,,,NonConverged
33.575977873979724,0.3785715939544202,2370.044100033446,119.7851884633262,3.064899438920648,0.8757242484681363,34.0,13.0,2370.044100033446,2370.044100033446,2350.044100033446,3.064899438920648,104.8987941446604,,,,,,,NonConverged
63.48395195665142,0.4829674437272409,1981.599381299652,91.82356498593421,2.044820432963137,0.890159291635699,63.0,30.0,1981.599381299652,1981.599381299652,1961.599381299652,2.044820432963137,81.73759956334376,,,,,,,NonConverged
27.45745006124774,0.5487368096642772,1991.5003901007462,77.90646950950996,4.7444038119320195,0.8777344760900657,27.0,15.0,1991.5003901007462,1991.5003901007462,1971.5003901007462,4.7444038119320195,68.38119419895641,,,,,,,NonConverged
26.74785924373281,0.641128624604884,1944.2658069522727,106.03158596964555,3.1822639827253636,0.8934379833768313,27.0,17.0,1944.2658069522727,1944.2658069522727,1924.2658069522727,3.1822639827253636,94.73264634296724,,,,,,,NonConverged
53.22871807386885,0.44256300711076657,2076.351560910895,75.93846690672419,1.9171117018108794,0.9107703661825156,53.0,23.0,2076.351560910895,2076.351560910895,2056.351560910895,1.9171117018108794,69.16250531197603,,,,,,,NonConverged
66.81804067545335,0.5302733077217168,2454.201720176668,75.7420331772301,3.765942858856981,0.8844593793231152,67.0,36.0,2454.201720176668,2454.201720176668,2434.201720176668,3.765942858856981,66.99075165260373,,,,,,,NonConverged
